channel,mean_lung,mean_non_lung,selectivity_index,gini_sparsity,region_preference
0,0.198142,0.430495,0.3696,0.6928,non_lung
1,0.089019,0.480184,0.6872,0.7932,non_lung
2,0.052162,0.68083,0.8577,0.7513,non_lung
3,0.028305,0.531614,0.8989,0.7368,non_lung
4,0.422878,0.482229,0.0656,0.6728,non_lung
5,0.024078,0.496765,0.9075,0.7924,non_lung
6,0.023643,0.654021,0.9302,0.7376,non_lung
7,0.081196,0.349691,0.6231,0.8538,non_lung
8,0.59391,0.226036,0.4487,0.653,lung
9,1.205163,0.087251,0.865,0.7473,lung
10,0.210284,0.587804,0.473,0.6701,non_lung
11,0.866245,0.173027,0.667,0.6576,lung
12,0.055329,0.411246,0.7628,0.8243,non_lung
13,0.243557,0.501185,0.3459,0.6864,non_lung
14,0.046691,0.576685,0.8502,0.6907,non_lung
15,0.134021,0.639829,0.6536,0.6699,non_lung
16,0.294054,0.362539,0.1043,0.7748,non_lung
17,0.046415,0.378444,0.7815,0.8347,non_lung
18,1.166877,0.091944,0.8539,0.747,lung
19,0.250726,0.405228,0.2355,0.7656,non_lung
20,0.780864,0.288564,0.4603,0.7113,lung
21,1.180739,0.118317,0.8178,0.776,lung
22,0.894402,0.280367,0.5227,0.6999,lung
23,0.10792,0.574262,0.6836,0.6722,non_lung
24,0.019771,0.457887,0.9172,0.7385,non_lung
25,0.947152,0.230067,0.6091,0.7308,lung
26,0.539102,0.212288,0.4349,0.7459,lung
27,0.112301,0.432482,0.5877,0.7452,non_lung
28,0.026731,0.483668,0.8953,0.6673,non_lung
29,0.266292,0.513393,0.3169,0.7196,non_lung
30,0.05686,0.575056,0.82,0.6875,non_lung
31,0.014678,0.423237,0.933,0.7402,non_lung
32,1.30356,0.066372,0.9031,0.7795,lung
33,0.05643,0.539085,0.8105,0.6726,non_lung
34,0.07518,0.616113,0.7825,0.6694,non_lung
35,1.136331,0.094499,0.8464,0.7549,lung
36,0.118416,0.533514,0.6367,0.8036,non_lung
37,0.871962,0.207353,0.6158,0.7515,lung
38,0.29173,0.516188,0.2778,0.7148,non_lung
39,0.085024,0.643997,0.7667,0.652,non_lung
40,0.946139,0.17939,0.6812,0.7576,lung
41,0.109524,0.522825,0.6536,0.7244,non_lung
42,0.229741,0.427743,0.3012,0.7984,non_lung
43,0.187058,0.405436,0.3686,0.6495,non_lung
44,0.630247,0.24407,0.4417,0.7382,lung
45,0.104881,0.437351,0.6132,0.7634,non_lung
46,0.082484,0.442917,0.686,0.738,non_lung
47,0.305479,0.554652,0.2897,0.6991,non_lung
48,0.100267,0.475764,0.6519,0.7823,non_lung
49,1.249815,0.099288,0.8528,0.7647,lung
50,0.027018,0.418221,0.8786,0.7471,non_lung
51,0.201884,0.414566,0.345,0.6755,non_lung
52,0.120272,0.657779,0.6908,0.6599,non_lung
53,0.242454,0.575829,0.4074,0.6037,non_lung
54,0.137506,0.519206,0.5812,0.6994,non_lung
55,1.052898,0.128498,0.7825,0.7703,lung
56,0.063561,0.502731,0.7755,0.694,non_lung
57,0.053335,0.384611,0.7564,0.7581,non_lung
58,0.139862,0.581629,0.6123,0.7234,non_lung
59,0.437392,0.650986,0.1962,0.6058,non_lung
60,0.289659,0.527871,0.2914,0.678,non_lung
61,0.111967,0.464366,0.6114,0.7741,non_lung
62,0.572332,0.358585,0.2296,0.7251,lung
63,0.070023,0.597014,0.79,0.7194,non_lung
64,1.20889,0.122618,0.8158,0.7324,lung
65,0.026814,0.385986,0.8701,0.7652,non_lung
66,0.187567,0.538435,0.4833,0.6974,non_lung
67,0.037189,0.562331,0.8759,0.6852,non_lung
68,0.189063,0.369684,0.3233,0.7189,non_lung
69,0.035459,0.492502,0.8657,0.8296,non_lung
70,1.352652,0.075104,0.8948,0.7701,lung
71,0.033255,0.525471,0.881,0.7188,non_lung
72,0.140872,0.446461,0.5203,0.7788,non_lung
73,0.120061,0.630372,0.68,0.6741,non_lung
74,0.01908,0.353664,0.8976,0.7722,non_lung
75,0.066401,0.272918,0.6086,0.7631,non_lung
76,0.030825,0.611337,0.904,0.7389,non_lung
77,1.074545,0.178046,0.7157,0.742,lung
78,0.147088,0.553644,0.5802,0.7878,non_lung
79,0.663419,0.212118,0.5155,0.6428,lung
80,0.034419,0.523197,0.8765,0.7019,non_lung
81,1.151499,0.11929,0.8123,0.7415,lung
82,0.235496,0.623425,0.4516,0.6843,non_lung
83,0.095826,0.554355,0.7052,0.6877,non_lung
84,1.143439,0.116394,0.8152,0.7857,lung
85,1.240392,0.068711,0.895,0.775,lung
86,0.061822,0.559834,0.8011,0.72,non_lung
87,0.655683,0.130095,0.6689,0.8254,lung
88,0.110101,0.632481,0.7035,0.64,non_lung
89,0.987302,0.143585,0.7461,0.7197,lung
90,0.09406,0.418032,0.6326,0.7226,non_lung
91,0.047362,0.510725,0.8303,0.7104,non_lung
92,0.23125,0.313172,0.1505,0.7857,non_lung
93,0.985981,0.240144,0.6083,0.7111,lung
94,0.065357,0.524389,0.7784,0.7672,non_lung
95,1.081981,0.119252,0.8015,0.7607,lung
96,0.073333,0.578968,0.7752,0.7011,non_lung
97,0.125208,0.386241,0.5104,0.7698,non_lung
98,0.066918,0.480299,0.7554,0.7167,non_lung
99,0.382756,0.355402,0.0371,0.6838,lung
100,0.051348,0.444313,0.7928,0.7608,non_lung
101,0.167166,0.467484,0.4732,0.7166,non_lung
102,1.002785,0.186321,0.6866,0.738,lung
103,0.302394,0.530967,0.2743,0.7495,non_lung
104,0.385796,0.393632,0.0101,0.6452,non_lung
105,0.301103,0.373504,0.1073,0.7604,non_lung
106,0.029077,0.519565,0.894,0.7593,non_lung
107,0.312944,0.260503,0.0914,0.6373,lung
108,1.016741,0.158734,0.7299,0.756,lung
109,1.111575,0.133825,0.7851,0.7177,lung
110,0.598169,0.318777,0.3047,0.7081,lung
111,0.057413,0.390799,0.7438,0.7973,non_lung
112,1.145561,0.083758,0.8637,0.7614,lung
113,0.124817,0.418472,0.5405,0.7186,non_lung
114,0.846507,0.212853,0.5981,0.7396,lung
115,0.789821,0.302336,0.4464,0.7043,lung
116,0.14979,0.617269,0.6094,0.7023,non_lung
117,1.260344,0.10407,0.8475,0.7526,lung
118,0.364275,0.267864,0.1525,0.8246,lung
119,0.131331,0.6732,0.6735,0.6612,non_lung
120,0.115096,0.553287,0.6556,0.6845,non_lung
121,0.022233,0.31159,0.8668,0.7935,non_lung
122,1.242527,0.087574,0.8683,0.7539,lung
123,0.014584,0.330094,0.9154,0.8047,non_lung
124,0.314287,0.390133,0.1077,0.7206,non_lung
125,0.094638,0.622311,0.736,0.6776,non_lung
126,0.119826,0.542969,0.6384,0.6682,non_lung
127,0.684179,0.229512,0.4976,0.6211,lung
